pic1,pic2
2019.jpg,8205.jpg
2019.jpg,2339.jpg
2019.jpg,4616.jpg
2019.jpg,2342.jpg
2019.jpg,7530.jpg
2019.jpg,2217.jpg
2019.jpg,2152.jpg
2019.jpg,2373.jpg
2019.jpg,8600.jpg
2019.jpg,8330.jpg
2019.jpg,8032.jpg
2019.jpg,5990.jpg
2019.jpg,5300.jpg
2019.jpg,4700.jpg
2019.jpg,2442.jpg
2019.jpg,2250.jpg
2019.jpg,2055.jpg
2019.jpg,1740.jpg
2019.jpg,1942.jpg
8205.jpg,2019.jpg
8205.jpg,2339.jpg
8205.jpg,4616.jpg
8205.jpg,2342.jpg
8205.jpg,7530.jpg
8205.jpg,2217.jpg
8205.jpg,2152.jpg
8205.jpg,2373.jpg
8205.jpg,8600.jpg
8205.jpg,8330.jpg
8205.jpg,8032.jpg
8205.jpg,5990.jpg
8205.jpg,5300.jpg
8205.jpg,4700.jpg
8205.jpg,2442.jpg
8205.jpg,2250.jpg
8205.jpg,2055.jpg
8205.jpg,1740.jpg
8205.jpg,1942.jpg
2339.jpg,2019.jpg
2339.jpg,8205.jpg
2339.jpg,4616.jpg
2339.jpg,2342.jpg
2339.jpg,7530.jpg
2339.jpg,2217.jpg
2339.jpg,2152.jpg
2339.jpg,2373.jpg
2339.jpg,8600.jpg
2339.jpg,8330.jpg
2339.jpg,8032.jpg
2339.jpg,5990.jpg
2339.jpg,5300.jpg
2339.jpg,4700.jpg
2339.jpg,2442.jpg
2339.jpg,2250.jpg
2339.jpg,2055.jpg
2339.jpg,1740.jpg
2339.jpg,1942.jpg
4616.jpg,2019.jpg
4616.jpg,8205.jpg
4616.jpg,2339.jpg
4616.jpg,2342.jpg
4616.jpg,7530.jpg
4616.jpg,2217.jpg
4616.jpg,2152.jpg
4616.jpg,2373.jpg
4616.jpg,8600.jpg
4616.jpg,8330.jpg
4616.jpg,8032.jpg
4616.jpg,5990.jpg
4616.jpg,5300.jpg
4616.jpg,4700.jpg
4616.jpg,2442.jpg
4616.jpg,2250.jpg
4616.jpg,2055.jpg
4616.jpg,1740.jpg
4616.jpg,1942.jpg
2342.jpg,2019.jpg
2342.jpg,8205.jpg
2342.jpg,2339.jpg
2342.jpg,4616.jpg
2342.jpg,7530.jpg
2342.jpg,2217.jpg
2342.jpg,2152.jpg
2342.jpg,2373.jpg
2342.jpg,8600.jpg
2342.jpg,8330.jpg
2342.jpg,8032.jpg
2342.jpg,5990.jpg
2342.jpg,5300.jpg
2342.jpg,4700.jpg
2342.jpg,2442.jpg
2342.jpg,2250.jpg
2342.jpg,2055.jpg
2342.jpg,1740.jpg
2342.jpg,1942.jpg
7530.jpg,2019.jpg
7530.jpg,8205.jpg
7530.jpg,2339.jpg
7530.jpg,4616.jpg
7530.jpg,2342.jpg
7530.jpg,2217.jpg
7530.jpg,2152.jpg
7530.jpg,2373.jpg
7530.jpg,8600.jpg
7530.jpg,8330.jpg
7530.jpg,8032.jpg
7530.jpg,5990.jpg
7530.jpg,5300.jpg
7530.jpg,4700.jpg
7530.jpg,2442.jpg
7530.jpg,2250.jpg
7530.jpg,2055.jpg
7530.jpg,1740.jpg
7530.jpg,1942.jpg
2217.jpg,2019.jpg
2217.jpg,8205.jpg
2217.jpg,2339.jpg
2217.jpg,4616.jpg
2217.jpg,2342.jpg
2217.jpg,7530.jpg
2217.jpg,2152.jpg
2217.jpg,2373.jpg
2217.jpg,8600.jpg
2217.jpg,8330.jpg
2217.jpg,8032.jpg
2217.jpg,5990.jpg
2217.jpg,5300.jpg
2217.jpg,4700.jpg
2217.jpg,2442.jpg
2217.jpg,2250.jpg
2217.jpg,2055.jpg
2217.jpg,1740.jpg
2217.jpg,1942.jpg
2152.jpg,2019.jpg
2152.jpg,8205.jpg
2152.jpg,2339.jpg
2152.jpg,4616.jpg
2152.jpg,2342.jpg
2152.jpg,7530.jpg
2152.jpg,2217.jpg
2152.jpg,2373.jpg
2152.jpg,8600.jpg
2152.jpg,8330.jpg
2152.jpg,8032.jpg
2152.jpg,5990.jpg
2152.jpg,5300.jpg
2152.jpg,4700.jpg
2152.jpg,2442.jpg
2152.jpg,2250.jpg
2152.jpg,2055.jpg
2152.jpg,1740.jpg
2152.jpg,1942.jpg
2373.jpg,2019.jpg
2373.jpg,8205.jpg
2373.jpg,2339.jpg
2373.jpg,4616.jpg
2373.jpg,2342.jpg
2373.jpg,7530.jpg
2373.jpg,2217.jpg
2373.jpg,2152.jpg
2373.jpg,8600.jpg
2373.jpg,8330.jpg
2373.jpg,8032.jpg
2373.jpg,5990.jpg
2373.jpg,5300.jpg
2373.jpg,4700.jpg
2373.jpg,2442.jpg
2373.jpg,2250.jpg
2373.jpg,2055.jpg
2373.jpg,1740.jpg
2373.jpg,1942.jpg
8600.jpg,2019.jpg
8600.jpg,8205.jpg
8600.jpg,2339.jpg
8600.jpg,4616.jpg
8600.jpg,2342.jpg
8600.jpg,7530.jpg
8600.jpg,2217.jpg
8600.jpg,2152.jpg
8600.jpg,2373.jpg
8600.jpg,8330.jpg
8600.jpg,8032.jpg
8600.jpg,5990.jpg
8600.jpg,5300.jpg
8600.jpg,4700.jpg
8600.jpg,2442.jpg
8600.jpg,2250.jpg
8600.jpg,2055.jpg
8600.jpg,1740.jpg
8600.jpg,1942.jpg
8330.jpg,2019.jpg
8330.jpg,8205.jpg
8330.jpg,2339.jpg
8330.jpg,4616.jpg
8330.jpg,2342.jpg
8330.jpg,7530.jpg
8330.jpg,2217.jpg
8330.jpg,2152.jpg
8330.jpg,2373.jpg
8330.jpg,8600.jpg
8330.jpg,8032.jpg
8330.jpg,5990.jpg
8330.jpg,5300.jpg
8330.jpg,4700.jpg
8330.jpg,2442.jpg
8330.jpg,2250.jpg
8330.jpg,2055.jpg
8330.jpg,1740.jpg
8330.jpg,1942.jpg
8032.jpg,2019.jpg
8032.jpg,8205.jpg
8032.jpg,2339.jpg
8032.jpg,4616.jpg
8032.jpg,2342.jpg
8032.jpg,7530.jpg
8032.jpg,2217.jpg
8032.jpg,2152.jpg
8032.jpg,2373.jpg
8032.jpg,8600.jpg
8032.jpg,8330.jpg
8032.jpg,5990.jpg
8032.jpg,5300.jpg
8032.jpg,4700.jpg
8032.jpg,2442.jpg
8032.jpg,2250.jpg
8032.jpg,2055.jpg
8032.jpg,1740.jpg
8032.jpg,1942.jpg
5990.jpg,2019.jpg
5990.jpg,8205.jpg
5990.jpg,2339.jpg
5990.jpg,4616.jpg
5990.jpg,2342.jpg
5990.jpg,7530.jpg
5990.jpg,2217.jpg
5990.jpg,2152.jpg
5990.jpg,2373.jpg
5990.jpg,8600.jpg
5990.jpg,8330.jpg
5990.jpg,8032.jpg
5990.jpg,5300.jpg
5990.jpg,4700.jpg
5990.jpg,2442.jpg
5990.jpg,2250.jpg
5990.jpg,2055.jpg
5990.jpg,1740.jpg
5990.jpg,1942.jpg
5300.jpg,2019.jpg
5300.jpg,8205.jpg
5300.jpg,2339.jpg
5300.jpg,4616.jpg
5300.jpg,2342.jpg
5300.jpg,7530.jpg
5300.jpg,2217.jpg
5300.jpg,2152.jpg
5300.jpg,2373.jpg
5300.jpg,8600.jpg
5300.jpg,8330.jpg
5300.jpg,8032.jpg
5300.jpg,5990.jpg
5300.jpg,4700.jpg
5300.jpg,2442.jpg
5300.jpg,2250.jpg
5300.jpg,2055.jpg
5300.jpg,1740.jpg
5300.jpg,1942.jpg
4700.jpg,2019.jpg
4700.jpg,8205.jpg
4700.jpg,2339.jpg
4700.jpg,4616.jpg
4700.jpg,2342.jpg
4700.jpg,7530.jpg
4700.jpg,2217.jpg
4700.jpg,2152.jpg
4700.jpg,2373.jpg
4700.jpg,8600.jpg
4700.jpg,8330.jpg
4700.jpg,8032.jpg
4700.jpg,5990.jpg
4700.jpg,5300.jpg
4700.jpg,2442.jpg
4700.jpg,2250.jpg
4700.jpg,2055.jpg
4700.jpg,1740.jpg
4700.jpg,1942.jpg
2442.jpg,2019.jpg
2442.jpg,8205.jpg
2442.jpg,2339.jpg
2442.jpg,4616.jpg
2442.jpg,2342.jpg
2442.jpg,7530.jpg
2442.jpg,2217.jpg
2442.jpg,2152.jpg
2442.jpg,2373.jpg
2442.jpg,8600.jpg
2442.jpg,8330.jpg
2442.jpg,8032.jpg
2442.jpg,5990.jpg
2442.jpg,5300.jpg
2442.jpg,4700.jpg
2442.jpg,2250.jpg
2442.jpg,2055.jpg
2442.jpg,1740.jpg
2442.jpg,1942.jpg
2250.jpg,2019.jpg
2250.jpg,8205.jpg
2250.jpg,2339.jpg
2250.jpg,4616.jpg
2250.jpg,2342.jpg
2250.jpg,7530.jpg
2250.jpg,2217.jpg
2250.jpg,2152.jpg
2250.jpg,2373.jpg
2250.jpg,8600.jpg
2250.jpg,8330.jpg
2250.jpg,8032.jpg
2250.jpg,5990.jpg
2250.jpg,5300.jpg
2250.jpg,4700.jpg
2250.jpg,2442.jpg
2250.jpg,2055.jpg
2250.jpg,1740.jpg
2250.jpg,1942.jpg
2055.jpg,2019.jpg
2055.jpg,8205.jpg
2055.jpg,2339.jpg
2055.jpg,4616.jpg
2055.jpg,2342.jpg
2055.jpg,7530.jpg
2055.jpg,2217.jpg
2055.jpg,2152.jpg
2055.jpg,2373.jpg
2055.jpg,8600.jpg
2055.jpg,8330.jpg
2055.jpg,8032.jpg
2055.jpg,5990.jpg
2055.jpg,5300.jpg
2055.jpg,4700.jpg
2055.jpg,2442.jpg
2055.jpg,2250.jpg
2055.jpg,1740.jpg
2055.jpg,1942.jpg
1740.jpg,2019.jpg
1740.jpg,8205.jpg
1740.jpg,2339.jpg
1740.jpg,4616.jpg
1740.jpg,2342.jpg
1740.jpg,7530.jpg
1740.jpg,2217.jpg
1740.jpg,2152.jpg
1740.jpg,2373.jpg
1740.jpg,8600.jpg
1740.jpg,8330.jpg
1740.jpg,8032.jpg
1740.jpg,5990.jpg
1740.jpg,5300.jpg
1740.jpg,4700.jpg
1740.jpg,2442.jpg
1740.jpg,2250.jpg
1740.jpg,2055.jpg
1740.jpg,1942.jpg
1942.jpg,2019.jpg
1942.jpg,8205.jpg
1942.jpg,2339.jpg
1942.jpg,4616.jpg
1942.jpg,2342.jpg
1942.jpg,7530.jpg
1942.jpg,2217.jpg
1942.jpg,2152.jpg
1942.jpg,2373.jpg
1942.jpg,8600.jpg
1942.jpg,8330.jpg
1942.jpg,8032.jpg
1942.jpg,5990.jpg
1942.jpg,5300.jpg
1942.jpg,4700.jpg
1942.jpg,2442.jpg
1942.jpg,2250.jpg
1942.jpg,2055.jpg
1942.jpg,1740.jpg
